,City,Country,Date,Latitude,Longitude,Temperature,Humidity,Wind speed,Cloudliness
0,Thompson,CA,1555696800,55.74,-97.86,50.0,53,4.7,90
1,Sinnamary,GF,1555699835,5.38,-52.96,82.31,78,15.68,42
2,Byron Bay,AU,1555699524,-28.65,153.62,72.0,88,8.05,17
3,Pathein,MM,1555699836,16.78,94.73,81.95,79,9.64,0
4,Wooster,US,1555699569,40.8,-81.94,53.01,100,17.22,90
5,Evensk,RU,1555699836,61.92,159.24,27.41,85,2.39,81
6,Kenai,US,1555699624,60.55,-151.26,37.0,55,16.11,20
7,Novobirilyussy,RU,1555699836,56.95,90.69,22.19,87,5.01,25
8,Pangnirtung,CA,1555696800,66.15,-65.72,15.8,85,10.29,90
9,Saldanha,ZA,1555696800,-33.01,17.94,60.8,93,8.05,71
10,Opuwo,NA,1555699837,-18.06,13.84,82.85,34,7.2,57
11,Grande Prairie,CA,1555696800,55.17,-118.79,50.0,29,12.75,20
12,Port Alfred,ZA,1555699636,-33.59,26.89,68.0,81,7.0,99
13,College,US,1555699805,64.86,-147.8,30.2,92,6.93,90
14,Severnoye,RU,1555699837,54.09,52.54,39.29,52,5.64,68
15,Arrifes,PT,1555696800,37.77,-25.7,64.4,88,4.7,75
16,Bjaeverskov,DK,1555699693,55.46,12.04,53.01,43,2.24,0
17,Yanam,IN,1555699838,16.73,82.22,83.57,74,2.26,19
18,Watertown,US,1555699534,44.9,-97.12,60.01,54,9.17,1
19,Flin Flon,CA,1555697400,54.77,-101.88,48.2,84,2.24,90
20,Hobyo,SO,1555699838,5.35,48.53,83.75,71,11.27,24
21,Hasaki,JP,1555697723,35.73,140.83,50.0,71,13.87,40
22,Atar,MR,1555699839,20.52,-13.05,93.29,10,11.86,51
23,Katsuura,JP,1555699090,33.93,134.5,53.6,66,8.05,40
24,Honiara,SB,1555696800,-9.43,159.96,75.2,100,5.57,75
25,Grandview,US,1555700100,38.89,-94.53,62.01,33,17.22,1
26,Bonfim,BR,1555699741,-20.33,-44.24,84.2,39,4.7,0
27,Aykhal,RU,1555696800,65.95,111.51,19.4,44,8.95,0
28,Bethel,US,1555696560,60.79,-161.76,26.6,79,4.7,90
29,Vermilion,CA,1555696800,53.35,-110.85,55.4,43,17.22,75
30,Muros,ES,1555699825,42.77,-9.06,68.0,72,9.17,20
31,Vallenar,CL,1555699841,-28.58,-70.76,72.59,43,7.74,5
32,Zhuhai,CN,1555696800,40.71,112.04,53.6,93,4.47,40
33,Torbay,CA,1555699712,47.66,-52.73,37.99,64,17.22,90
34,Raudeberg,NO,1555696200,61.99,5.14,53.6,46,5.82,27
35,Kapuskasing,CA,1555696800,49.42,-82.43,46.4,42,5.82,20
36,Selma,US,1555699842,36.57,-119.61,84.0,36,4.7,1
37,Aklavik,CA,1555696800,68.22,-135.01,15.8,78,4.7,90
38,Raisen,IN,1555696800,23.33,77.78,78.8,39,4.7,27
39,Huzhou,CN,1555699776,30.86,120.1,72.0,68,6.35,96
40,Avarua,CK,1555696800,-21.21,-159.78,75.2,73,12.75,98
41,Tezu,IN,1555699843,27.93,96.16,69.53,46,4.72,10
42,Pampas,PE,1555699843,-12.4,-74.87,59.45,41,13.22,3
43,Cherskiy,RU,1555699843,68.75,161.3,-5.18,94,6.31,0
44,Longyearbyen,SJ,1555696200,78.22,15.64,35.6,93,6.93,90
45,Santiago,BR,1555699843,-29.19,-54.87,78.71,65,6.02,97
46,Ballina,AU,1555699808,-28.87,153.57,71.6,88,8.05,2
47,Salalah,OM,1555696200,17.01,54.1,82.4,74,6.93,40
48,Visby,SE,1555699615,57.64,18.3,48.2,42,6.38,0
49,Tundla,IN,1555695000,27.21,78.24,73.4,69,5.06,5
50,La Ronge,CA,1555696800,55.1,-105.3,51.8,62,8.05,75
51,Port Blair,IN,1555699844,11.67,92.75,85.19,72,10.16,25
52,Birao,CF,1555699845,10.3,22.78,88.79,11,6.42,93
53,Itarema,BR,1555699845,-2.92,-39.92,83.93,79,7.85,99
54,Garowe,SO,1555699845,8.41,48.48,90.05,37,5.95,49
55,Kapaa,US,1555699706,22.08,-159.32,77.0,65,16.11,40
56,Laukaa,FI,1555699782,62.42,25.95,43.0,84,4.7,0
57,Phalia,PK,1555699845,32.43,73.58,75.83,42,1.41,20
58,Songjianghe,CN,1555699846,42.18,127.48,37.13,35,3.51,54
59,Cowra,AU,1555698700,-33.84,148.69,57.0,78,3.47,0
60,Batsfjord,NO,1555699846,70.63,29.72,40.01,73,18.92,0
61,Oktyabrskiy,RU,1555698865,55.61,37.97,48.2,39,4.47,0
62,Brokopondo,SR,1555699846,5.06,-54.98,82.85,84,4.52,94
63,Kholodnyy,RU,1555699847,62.72,147.95,18.77,98,6.42,100
64,Kiunga,PG,1555699847,-6.12,141.3,72.59,98,1.07,100
65,Tevriz,RU,1555699847,57.51,72.4,34.25,56,4.18,97
66,Libertador General San Martin,AR,1555699847,-23.81,-64.79,83.39,61,4.99,46
67,Inuvik,CA,1555696800,68.36,-133.71,15.8,78,4.7,90
68,Jumla,NP,1555699847,29.28,82.18,37.85,65,2.68,33
69,Mount Isa,AU,1555696800,-20.73,139.49,71.6,46,3.36,75
70,Fjerritslev,DK,1555699805,57.08,9.27,59.0,74,1.99,0
71,Betafo,MG,1555699848,-19.84,46.86,62.33,93,5.41,31
72,Margate,ZA,1555699848,-30.86,30.37,66.83,93,6.24,0
73,Kirando,TZ,1555699848,-7.37,30.62,80.87,65,4.65,63
74,Goure,NE,1555699848,13.98,10.27,88.79,9,8.14,0
75,Moose Factory,CA,1555696800,51.26,-80.61,46.4,52,9.17,1
76,Bubaque,GW,1555699849,11.28,-15.83,78.71,72,14.16,8
77,Yermakovskoye,RU,1555699849,53.28,92.4,25.07,62,5.68,92
78,Mutoko,ZW,1555699849,-17.4,32.23,65.03,78,3.15,16
79,Kaabong,UG,1555699849,3.51,34.14,73.85,48,6.35,27
80,Romny,RU,1555699849,50.73,129.29,31.37,31,8.93,61
81,Berlevag,NO,1555699849,70.86,29.09,40.01,72,18.79,1
82,Saint-Augustin,CA,1555699845,45.63,-73.98,48.0,93,9.17,90
83,Aksarka,RU,1555699850,66.56,67.8,9.59,88,3.56,6
84,Lumphat,KH,1555699850,13.5,106.97,83.39,73,2.39,98
85,Olinda,BR,1555699848,-22.82,-43.41,86.0,58,13.87,40
86,Talalora,PH,1555699850,11.53,124.84,75.47,83,5.44,49
87,Parana,AR,1555699509,-31.73,-60.52,88.0,55,3.0,80
88,Bathsheba,BB,1555696800,13.22,-59.52,84.2,66,26.4,75
89,Baft,IR,1555699850,29.23,56.61,52.79,35,18.63,11
90,Toyooka,JP,1555699851,35.55,134.82,37.67,88,1.72,2
91,Rosario,AR,1555699806,-32.96,-60.66,89.01,51,6.93,0
92,Kavaratti,IN,1555699851,10.57,72.64,84.47,74,12.21,85
93,Kortkeros,RU,1555699366,61.81,51.56,37.4,74,2.24,75
94,Biak,ID,1555699851,-0.91,122.88,66.11,99,0.92,91
95,Butaritari,KI,1555699851,3.07,172.79,83.03,76,15.35,100
96,Mecca,SA,1555699702,21.43,39.83,76.2,44,12.77,0
97,Thunder Bay,CA,1555699665,48.41,-89.26,62.6,21,13.87,20
98,Bage,BR,1555699805,-31.33,-54.11,76.19,64,9.17,79
99,Brusyliv,UA,1555699821,50.28,29.52,50.0,48,4.47,87
100,Ulladulla,AU,1555699616,-35.36,150.48,60.01,100,5.82,93
101,Dibrugarh,IN,1555699852,27.48,94.9,70.79,76,4.85,0
102,Diego de Almagro,CL,1555699852,-26.39,-70.05,71.87,40,8.28,0
103,Porto Novo,CV,1555696800,17.02,-25.06,77.0,57,21.92,40
104,Imbituba,BR,1555696800,-28.24,-48.67,84.2,42,5.82,0
105,Shingu,JP,1555699853,33.72,135.99,42.53,87,4.74,0
106,Touros,BR,1555696800,-5.2,-35.46,87.8,66,12.75,40
107,Mwene-Ditu,CD,1555699853,-7.01,23.45,79.43,60,3.18,72
108,Rikitea,PF,1555699853,-23.12,-134.97,78.53,76,9.26,11
109,Tete,MZ,1555699853,-16.16,33.59,77.27,60,6.13,27
110,Jaisalmer,IN,1555699854,26.91,70.91,88.43,21,3.85,0
111,Rabo de Peixe,PT,1555696800,37.8,-25.58,64.4,88,4.7,75
112,Kieta,PG,1555699854,-6.22,155.63,82.49,75,5.08,100
113,San Rafael,BO,1555696800,-12.93,-64.87,89.6,66,6.93,40
114,Balkanabat,TM,1555699854,39.51,54.36,56.57,52,4.27,49
115,Colares,PT,1555699577,38.8,-9.45,63.0,63,5.82,20
116,Prince Albert,CA,1555696800,53.2,-105.75,57.2,41,17.22,75
117,Hermanus,ZA,1555699566,-34.42,19.24,60.01,98,1.99,81
118,Camacupa,AO,1555699855,-12.02,17.48,65.39,82,1.97,88
119,Nichinan,JP,1555699855,31.65,131.31,54.95,95,1.9,16
120,Port-Gentil,GA,1555696800,-0.72,8.78,80.6,94,11.41,20
121,Faanui,PF,1555699855,-16.48,-151.75,84.47,73,7.99,28
122,Mar del Plata,AR,1555699855,-46.43,-67.52,64.13,36,23.42,30
123,Mogadishu,SO,1555699775,2.04,45.34,83.21,72,12.44,7
124,Sao Francisco,BR,1555696800,-25.65,-53.85,87.8,55,3.91,0
125,Talcher,IN,1555699856,20.95,85.21,80.69,67,6.64,20
126,Hannibal,US,1555699782,39.71,-91.36,57.99,50,24.16,40
127,Lorengau,PG,1555699856,-2.02,147.27,76.55,92,2.06,100
128,Liverpool,CA,1555699625,44.04,-64.71,63.0,86,10.0,100
129,New Ulm,US,1555699573,44.31,-94.46,60.01,41,5.82,1
130,Tura,RU,1555699856,64.27,100.22,18.95,92,7.54,99
131,Vanavara,RU,1555699857,60.35,102.28,18.41,81,14.79,100
132,Andenes,NO,1555699595,69.31,16.12,48.2,81,13.87,100
133,Vostok,RU,1555699857,46.45,135.83,25.07,66,2.93,58
134,Klaeng,TH,1555699450,12.78,101.65,87.01,68,5.53,65
135,Upernavik,GL,1555699857,72.79,-56.15,7.97,69,6.82,1
136,Dedougou,BF,1555699857,12.47,-3.47,102.65,24,6.91,94
137,Dabat,ET,1555699858,12.98,37.77,81.41,34,2.06,62
138,Mareeba,AU,1555699819,-16.99,145.42,73.4,88,11.41,40
139,Adrar,DZ,1555696800,27.87,-0.29,87.8,9,24.16,0
140,Kaliganj,BD,1555699858,23.41,89.13,86.09,36,9.71,0
141,Malacacheta,BR,1555699858,-17.84,-42.08,85.55,57,2.62,13
142,Dunedin,NZ,1555699530,-45.87,170.5,51.01,94,10.31,100
143,Carutapera,BR,1555699859,-1.2,-46.02,79.25,91,6.98,100
144,Balikpapan,ID,1555699859,-1.24,116.86,72.41,98,0.63,100
145,Chicama,PE,1555696800,-7.84,-79.15,73.4,73,9.17,0
146,Pacifica,US,1555699841,37.61,-122.49,73.0,63,14.99,75
147,Northam,AU,1555696800,-31.65,116.67,46.4,93,7.05,40
148,Saint-Francois,GP,1555696800,16.25,-61.27,84.2,54,14.99,90
149,Lubango,AO,1555699859,-14.92,13.49,76.73,62,4.05,73
150,Abu Zabad,SD,1555699860,12.35,29.25,89.51,8,14.5,18
151,Majene,ID,1555699860,-3.54,118.97,84.65,69,4.05,52
152,Akhisar,TR,1555696200,38.92,27.84,35.6,69,11.41,40
153,Yekaterinoslavka,RU,1555699860,54.34,72.46,31.19,54,3.18,71
154,Leningradskiy,RU,1555699860,69.38,178.42,-0.86,95,5.14,26
155,Southbridge,NZ,1555699803,-43.81,172.25,57.99,100,3.36,90
156,Araioses,BR,1555696800,-2.89,-41.91,86.0,74,10.29,40
157,Trelew,AR,1555699861,-43.25,-65.31,66.29,33,20.69,12
158,Rawson,AR,1555699861,-43.3,-65.11,66.29,33,20.69,12
159,Kazachinskoye,RU,1555699861,57.69,93.28,23.45,87,7.27,61
160,Gambela,ET,1555699861,8.25,34.59,75.65,62,3.18,76
161,Kutum,SD,1555699861,14.2,24.66,84.11,11,10.67,33
162,Cayenne,GF,1555696800,4.94,-52.33,82.4,78,9.17,95
163,Daru,PG,1555699862,-9.07,143.21,76.55,87,4.29,51
164,Banda Aceh,ID,1555699862,5.56,95.32,85.55,73,6.44,100
165,Novikovo,RU,1555699862,51.15,37.89,43.25,49,3.22,63
166,Malartic,CA,1555696800,48.14,-78.13,37.4,77,10.29,90
167,Grand Gaube,MU,1555699742,-20.01,57.66,78.8,83,5.82,40
168,Naryan-Mar,RU,1555699863,67.67,53.09,32.09,95,11.03,100
169,Paamiut,GL,1555699863,61.99,-49.67,28.85,62,14.0,0
170,Manzhouli,CN,1555699863,49.6,117.43,28.85,32,28.74,79
171,Fairbanks,US,1555699662,64.84,-147.72,30.0,92,6.93,90
172,Yumen,CN,1555699863,40.29,97.04,55.49,37,5.73,100
173,Zhangye,CN,1555699863,38.94,100.46,46.85,53,6.06,39
174,Mingshui,CN,1555699864,22.81,109.89,77.09,92,5.88,18
175,Dobsina,SK,1555699811,48.82,20.37,59.0,36,11.41,0
176,Sur,OM,1555699864,22.57,59.53,86.63,33,7.74,0
177,Guerrero Negro,MX,1555699864,27.97,-114.04,62.87,77,10.85,99
178,Belyy Yar,RU,1555696800,53.6,91.39,17.6,85,2.24,96
179,Nemuro,JP,1555699865,43.32,145.57,35.51,72,9.35,53
180,Hovd,MN,1555699865,48.01,91.64,33.89,26,3.18,52
181,Ghoti,IN,1555699865,19.72,73.62,79.43,28,2.15,0
182,Poum,NC,1555699865,-20.23,164.02,79.79,76,12.21,17
183,Mehamn,NO,1555699865,71.03,27.85,37.67,73,14.63,17
184,Susanville,US,1555699591,40.42,-120.65,70.0,37,8.19,1
185,Kaputa,ZM,1555699865,-8.47,29.66,69.35,85,2.86,63
186,Kazerun,IR,1555699866,29.62,51.65,73.67,33,3.6,28
187,Saint George,BM,1555699557,32.38,-64.68,72.0,60,14.99,20
188,Srivardhan,IN,1555699866,18.03,73.02,81.23,69,2.93,1
189,Kadyy,RU,1555699866,57.79,43.19,41.45,70,3.49,100
190,Jizan,SA,1555696800,16.89,42.56,87.8,70,6.93,20
191,Antsohihy,MG,1555699867,-14.88,47.99,84.47,70,12.26,1
192,Coahuayana,MX,1555699867,18.62,-100.35,99.59,18,4.7,56
193,Malpe,IN,1555696800,13.35,74.72,82.4,74,11.68,20
194,Dayong,CN,1555696800,25.02,118.29,69.8,100,2.15,90
195,Kotel,BG,1555698600,42.88,26.45,44.6,100,3.36,20
196,Jacareacanga,BR,1555699868,-6.22,-57.76,91.13,53,3.67,97
197,Yatou,CN,1555699869,33.81,104.32,43.07,80,3.87,100
198,Manoel Urbano,BR,1555699665,-8.84,-69.26,94.02,45,3.13,49
199,Slave Lake,CA,1555696800,55.28,-114.77,44.6,52,12.75,1
200,Grindavik,IS,1555699021,63.84,-22.43,48.0,87,29.97,75
201,Crawfordsville,US,1555699787,40.04,-86.9,46.99,81,17.22,90
202,Newport,US,1555699862,41.49,-71.31,73.0,100,10.29,90
203,Domokos,GR,1555699795,39.13,22.3,60.01,76,2.1,0
204,Busselton,AU,1555699523,-33.64,115.35,42.01,98,24.99,97
205,Ushuaia,AR,1555696800,-54.81,-68.31,46.4,81,34.45,75
206,Yashkino,RU,1555696800,55.87,85.43,24.8,73,6.71,0
207,Tuatapere,NZ,1555699806,-46.13,167.69,51.01,97,4.81,100
208,Mabaruma,GY,1555699870,8.2,-59.78,83.75,74,6.64,54
209,Shakawe,BW,1555699870,-18.36,21.84,74.57,33,5.39,0
210,Abdulino,RU,1555699870,53.68,53.66,37.31,51,5.53,5
211,Sabya,SA,1555696800,17.15,42.62,87.8,70,6.93,20
212,Alekseyevsk,RU,1555699871,57.84,108.35,20.21,78,12.75,97
213,Rocha,UY,1555699871,-34.48,-54.34,79.79,43,7.05,90
214,Baghdad,IQ,1555696800,33.3,44.38,62.6,63,11.41,0
215,Fort Nelson,CA,1555696800,58.81,-122.69,53.6,23,21.92,40
216,Puerto Cabello,VE,1555699871,10.47,-68.01,88.97,53,7.87,86
217,Cabo San Lucas,MX,1555699567,22.89,-109.91,93.99,15,9.17,5
218,Libenge,CD,1555699871,3.65,18.64,79.07,76,2.21,100
219,Maldonado,UY,1555696800,-34.91,-54.96,78.8,44,9.17,75
220,Kashi,CN,1555696800,39.45,75.98,68.0,20,11.18,100
221,Tual,ID,1555699872,-5.67,132.75,84.11,77,12.64,67
222,Hami,CN,1555699872,42.84,93.51,66.65,21,7.34,0
223,Sheffield,US,1555699843,34.77,-87.7,52.0,87,12.75,75
224,Guarapari,BR,1555697982,-20.67,-40.5,82.4,74,10.29,40
225,Isla Mujeres,MX,1555699381,21.23,-86.73,86.0,66,13.87,75
226,Tandil,AR,1555699510,-37.33,-59.14,82.99,37,3.0,30
227,Geraldton,AU,1555696800,-28.77,114.6,55.4,82,10.29,75
228,Valparaiso,CL,1555696800,-33.04,-71.63,62.6,93,4.7,90
229,Sao Filipe,CV,1555699874,14.9,-24.5,71.51,85,20.56,0
230,Pevek,RU,1555699874,69.7,170.27,9.59,92,13.56,100
231,Najran,SA,1555696800,17.54,44.22,80.6,42,6.93,40
232,Bosaso,SO,1555699874,11.28,49.18,84.11,79,7.96,13
233,Rio Gallegos,AR,1555696800,-51.62,-69.22,57.2,50,23.04,40
234,Manfredonia,IT,1555699555,41.63,15.91,60.01,87,3.36,5
235,Maghar,IN,1555695000,26.75,83.13,82.4,39,3.36,5
236,Merced,US,1555699641,37.3,-120.48,81.0,56,5.19,1
237,Tromso,NO,1555699252,69.65,18.96,44.6,81,24.16,75
238,Fukue,JP,1555699753,35.03,136.69,53.6,58,19.46,0
239,Neuquen,AR,1555696800,-38.95,-68.06,75.2,29,9.17,0
240,Trinidad,BO,1555696800,-14.83,-64.9,89.6,66,9.17,40
241,Jieshi,CN,1555699612,22.82,115.83,71.01,10,2.86,21
242,Mus,TR,1555699876,41.63,33.25,30.29,98,5.17,100
243,Tiznit,MA,1555699876,29.7,-9.73,62.87,74,35.05,0
244,Tara,RU,1555699876,56.9,74.37,32.45,55,6.29,0
245,Coihaique,CL,1555696800,-45.58,-72.07,57.2,58,4.7,0
246,Saurimo,AO,1555699766,-9.66,20.4,71.88,74,2.48,91
247,Staryy Nadym,RU,1555699876,65.61,72.68,21.65,91,13.85,99
248,Severo-Kurilsk,RU,1555699876,50.68,156.12,34.61,90,18.92,2
249,At-Bashi,KG,1555699877,41.17,75.81,46.31,42,4.88,97
250,Miracema do Tocantins,BR,1555699877,-9.56,-48.4,89.87,59,2.68,94
251,Palana,RU,1555699877,59.08,159.95,31.73,84,9.19,47
252,Bud,NO,1555699686,62.91,6.91,59.0,47,4.7,100
253,San Ramon,BO,1555696800,-13.27,-64.62,91.4,66,6.93,40
254,Marsa Matruh,EG,1555696800,31.35,27.25,60.8,63,11.41,20
255,Kolyvan,RU,1555696800,55.31,82.74,24.8,73,2.24,0
256,Nouadhibou,MR,1555696800,20.93,-17.03,69.8,64,21.92,42
257,Marawi,SD,1555699878,18.48,31.82,81.95,9,10.04,17
258,Mollendo,PE,1555699878,-17.03,-72.02,68.99,83,11.63,99
259,Hun,LY,1555699878,29.13,15.95,77.63,19,13.98,4
260,Buala,SB,1555699878,-8.15,159.59,80.87,80,12.77,100
261,Umea,SE,1555696200,63.83,20.26,53.6,50,3.36,0
262,Havelock,US,1555699646,34.88,-76.9,78.8,78,20.8,75
263,Lebu,CL,1555699879,-37.62,-73.65,56.57,88,8.59,3
264,Mayumba,GA,1555699879,-3.44,10.65,83.03,83,7.83,78
265,Jamestown,SH,1555699879,-15.94,-5.72,74.75,76,18.1,27
266,Axim,GH,1555699879,4.87,-2.24,83.39,76,7.25,100
267,Sampit,ID,1555699879,-2.54,112.95,74.57,97,1.19,100
268,Taoudenni,ML,1555699880,22.68,-3.98,92.57,8,17.43,0
269,Komsomolskiy,RU,1555699880,67.55,63.78,11.57,95,3.87,77
270,Sorong,ID,1555699880,-0.86,131.25,76.01,95,1.5,83
271,Punta Arenas,CL,1555699386,-53.16,-70.91,51.8,66,26.4,20
272,Sobolevo,RU,1555699880,54.43,31.9,46.49,50,3.76,62
273,Jevargi,IN,1555699880,17.02,76.77,98.51,13,7.11,5
274,Mtwara,TZ,1555699880,-10.28,40.18,74.93,98,3.89,100
275,Coquimbo,CL,1555696800,-29.95,-71.34,60.8,77,8.05,90
276,Nador,MA,1555698600,35.17,-2.93,62.6,67,4.7,0
277,Praya,ID,1555698600,-8.71,116.27,75.2,100,3.36,75
278,Ancud,CL,1555696800,-41.87,-73.83,55.4,71,11.41,40
279,Mawlaik,MM,1555699881,23.63,94.42,77.45,41,3.91,4
280,Verkh-Usugli,RU,1555699881,52.7,115.17,20.57,38,20.8,39
281,Tyrma,RU,1555699882,50.04,132.17,21.83,82,1.63,0
282,Mackay,AU,1555699610,-21.15,149.2,70.0,94,9.17,7
283,Cidreira,BR,1555699882,-30.17,-50.22,79.25,52,6.96,36
284,Matara,LK,1555699882,5.95,80.54,81.23,78,0.87,100
285,Maumere,ID,1555699882,-8.63,122.22,81.23,70,7.74,22
286,Chenzhou,CN,1555699882,25.81,113.03,73.49,85,3.62,99
287,Jalalpur Pirwala,PK,1555699883,29.5,71.22,84.65,27,5.12,0
288,Juegang,CN,1555699809,32.31,121.18,62.01,89,10.29,100
289,North Bend,US,1555699573,43.41,-124.22,55.99,93,10.29,90
290,Norman Wells,CA,1555699380,65.28,-126.83,30.2,80,4.7,90
291,Kununurra,AU,1555696800,-15.77,128.74,73.4,88,2.24,0
292,Inhambane,MZ,1555696800,-23.87,35.38,75.2,78,4.36,20
293,Port Hedland,AU,1555696800,-20.31,118.58,78.8,88,8.05,33
294,Waipawa,NZ,1555699516,-39.94,176.59,42.01,95,1.99,0
295,Isangel,VU,1555699884,-19.55,169.27,80.15,81,23.76,48
296,Bluff,NZ,1555699806,-46.6,168.33,51.01,97,9.89,100
297,Anchorage,US,1555699682,61.22,-149.89,33.01,86,9.17,90
298,Jinka,ET,1555699884,5.79,36.57,70.43,72,4.99,99
299,Barrow,US,1555699811,39.51,-90.4,55.99,54,25.28,90
300,Chuy,UY,1555699884,-33.69,-53.46,74.39,64,5.7,100
301,Wagga Wagga,AU,1555699523,-35.12,147.37,61.0,67,5.82,15
302,Wattegama,LK,1555699885,7.35,80.68,75.11,93,1.12,100
303,San Cristobal,EC,1555699885,-1.02,-79.44,81.77,81,2.59,100
304,Nelspruit,ZA,1555699580,-25.48,30.98,71.01,82,5.82,65
305,Nemocon,CO,1555696800,5.05,-73.88,69.8,49,5.82,75
306,Saskylakh,RU,1555699885,71.97,114.09,-5.72,94,3.27,36
307,Broome,AU,1555696800,-17.97,122.23,84.2,83,9.17,40
308,Coos Bay,US,1555699821,43.37,-124.22,55.99,93,10.29,90
309,Sibu,MY,1555696800,2.29,111.83,75.2,100,1.12,75
310,Cardston,CA,1555699523,49.2,-113.32,64.4,36,29.97,20
311,Salym,RU,1555699886,60.06,71.48,31.73,93,6.22,92
312,Payson,US,1555699626,40.04,-111.73,71.01,29,2.33,1
313,Novyy Urengoy,RU,1555699886,66.08,76.63,18.05,96,10.94,99
314,La Rioja,AR,1555699887,-29.41,-66.86,73.67,59,8.28,57
315,Quatre Cocos,MU,1555699742,-20.21,57.76,78.8,83,5.82,40
316,Erdenet,MN,1555699887,49.03,104.04,24.53,28,1.52,0
317,Shelabolikha,RU,1555696800,53.41,82.62,26.6,58,6.71,0
318,Sao Jose da Coroa Grande,BR,1555699887,-8.9,-35.15,87.17,63,10.4,100
319,Qaanaaq,GL,1555699887,77.48,-69.36,-12.38,83,3.09,99
320,Vaitape,PF,1555699888,-16.52,-151.75,84.47,73,7.99,28
321,Mount Gambier,AU,1555696800,-37.83,140.78,66.2,37,13.87,75
322,Lewiston,US,1555699802,46.42,-117.02,72.0,55,4.7,1
323,Bredasdorp,ZA,1555699566,-34.53,20.04,66.2,68,16.11,63
324,Russell,NZ,1555698785,-35.26,174.12,57.0,90,2.26,7
325,Westport,NZ,1555699889,-41.75,171.6,48.83,94,5.3,81
326,Kaeo,NZ,1555698785,-35.1,173.78,57.0,90,8.03,38
327,Tigil,RU,1555699889,57.8,158.67,31.19,87,2.26,89
328,Muroto,JP,1555699889,33.37,134.14,54.41,88,4.54,5
329,Bilma,NE,1555699890,18.69,12.92,82.31,9,6.04,0
330,Cabedelo,BR,1555696800,-6.97,-34.84,84.2,79,6.93,20
331,Ulaangom,MN,1555699890,49.98,92.07,28.13,25,6.22,61
332,Ambilobe,MG,1555699890,-13.19,49.05,75.47,90,7.0,96
333,Salvador,BR,1555696800,-12.98,-38.48,86.0,70,12.75,20
334,Terrace,CA,1555696800,54.52,-128.61,42.8,87,10.29,75
335,Escanaba,US,1555699705,45.75,-87.06,55.99,45,9.17,75
336,Redmond,US,1555699888,47.67,-122.12,55.99,93,4.7,90
337,Chaman,PK,1555699891,30.92,66.45,74.57,21,4.61,1
338,Beinamar,TD,1555699891,8.67,15.38,88.79,18,3.0,90
339,Los Llanos de Aridane,ES,1555699600,28.66,-17.92,66.2,68,17.22,40
340,Reinosa,ES,1555699887,43.0,-4.14,64.0,77,2.24,20
341,Shimodate,JP,1555698964,36.3,139.98,57.99,66,18.34,75
342,Sunbury,US,1555699890,40.86,-76.79,75.0,64,6.93,75
343,Viedma,AR,1555699891,-40.81,-62.99,66.47,41,15.9,0
344,Araguaina,BR,1555699804,-7.19,-48.21,86.63,69,3.02,86
345,Torfyanoy,RU,1555699892,58.49,49.2,34.79,89,2.46,96
346,Chapleau,CA,1555696800,47.85,-83.4,44.6,45,12.75,40
347,Ribeira Grande,PT,1555698600,38.52,-28.7,64.4,88,3.36,75
348,Svetlogorsk,RU,1555696800,53.14,59.15,28.4,50,6.71,21
349,Daryapur,IN,1555699892,20.92,77.32,94.19,17,9.1,0
350,Tabas,IR,1555696800,33.6,56.92,84.2,20,6.93,99
351,Upornaya,RU,1555699893,44.39,41.02,34.79,87,14.94,32
352,Yerbogachen,RU,1555699695,61.28,108.01,16.44,91,1.41,57
353,Madang,PG,1555699893,-5.21,145.81,66.83,98,1.03,100
354,Praia da Vitoria,PT,1555699539,38.73,-27.07,69.8,73,10.2,75
355,Galesong,ID,1555699867,-5.32,119.37,84.47,77,16.26,0
356,Kencong,ID,1555699893,-7.78,112.24,75.11,93,3.31,81
357,Manyoni,TZ,1555699893,-5.75,34.84,66.83,78,2.59,40
358,Leicester,GB,1555699613,52.64,-1.13,69.01,39,5.82,0
359,Paita,PE,1555696800,-5.09,-81.11,62.6,290,14.99,40
360,Santa Maria,CV,1555696800,16.6,-22.9,75.2,64,17.22,40
361,Goulburn,AU,1555699616,-34.75,149.72,54.0,95,3.09,0
362,Eirunepe,BR,1555699894,-6.66,-69.87,93.47,46,3.27,77
363,Nabire,ID,1555699894,-3.36,135.5,70.61,99,2.19,100
364,Dok Kham Tai,TH,1555699895,19.16,99.99,79.61,47,3.69,0
365,Lardos,GR,1555699864,36.09,28.02,60.8,59,17.22,20
366,Ugoofaaru,MV,1555699880,5.67,73.0,83.75,73,6.44,100
367,Gravdal,NO,1555699690,59.79,5.78,57.0,57,8.05,0
368,Constitucion,MX,1555699816,23.99,-104.67,68.0,13,14.99,5
369,Catuday,PH,1555699895,16.29,119.81,84.29,71,1.7,4
370,Beringovskiy,RU,1555699895,63.05,179.32,17.69,85,7.65,0
371,Pokosnoye,RU,1555699896,55.53,101.05,23.27,60,9.53,0
372,Hilton Head Island,US,1555699769,32.16,-80.75,68.0,93,9.17,40
373,Albany,AU,1555699896,-35.02,117.88,46.85,75,12.8,94
374,Angouleme,FR,1555699823,45.65,0.15,75.2,40,9.17,0
375,Georgetown,SH,1555699896,-7.93,-14.42,80.69,79,14.43,46
376,Maine-Soroa,NE,1555699896,13.21,12.02,89.15,11,4.0,64
377,Tautira,PF,1555699382,-17.73,-149.15,87.01,62,5.82,20
378,Lere,NG,1555699897,10.39,8.57,90.95,10,4.47,70
379,Dakar,SN,1555698600,14.69,-17.45,75.2,57,19.46,0
380,Asilah,MA,1555698600,35.47,-6.03,62.6,67,4.7,40
381,Glasgow,US,1555699811,37.0,-85.91,48.2,100,9.17,90
382,Te Anau,NZ,1555699897,-45.41,167.72,42.17,95,3.22,97
383,Pisco,PE,1555699706,-13.71,-76.2,78.01,30,10.29,0
384,Misratah,LY,1555699809,32.38,15.09,62.15,76,19.8,49
385,Colchester,GB,1555699806,51.89,0.9,68.0,52,8.05,66
386,Nome,US,1555699839,30.04,-94.42,73.4,37,20.8,40
387,Pimentel,PE,1555696800,-6.84,-79.94,80.6,61,13.87,0
388,Rio Grande,BR,1555696800,-32.03,-52.1,78.8,47,6.93,20
389,Valdivia,CL,1555696800,-39.81,-73.25,60.8,67,5.82,40
390,Mahebourg,MU,1555699742,-20.41,57.7,78.8,83,5.82,40
391,Xinqing,CN,1555699898,48.28,129.53,25.43,53,3.29,2
392,Sistranda,NO,1555699825,63.73,8.83,53.01,53,1.12,0
393,Mizdah,LY,1555699899,31.45,12.98,74.57,26,22.84,100
394,Tiksi,RU,1555699899,71.64,128.87,11.75,76,9.55,86
395,Vestmannaeyjar,IS,1555699899,63.44,-20.27,46.13,82,23.09,97
396,Timmins,CA,1555696800,48.48,-81.33,44.6,45,2.24,75
397,Banamba,ML,1555699899,13.55,-7.45,104.27,6,7.36,2
398,Kahului,US,1555699586,20.89,-156.47,78.8,61,19.46,40
399,Buchanan,LR,1555696800,5.88,-10.05,80.6,83,3.36,75
400,Kalabo,ZM,1555699899,-15.0,22.67,74.21,62,4.63,65
401,Natal,BR,1555696800,-5.81,-35.21,87.8,62,11.41,40
402,Nayudupeta,IN,1555699900,13.91,79.9,84.65,70,7.43,20
403,Guasdualito,VE,1555696800,7.24,-70.73,87.8,62,5.59,40
404,Cairns,AU,1555699220,-16.92,145.77,73.4,88,11.41,40
405,Edson,CA,1555696800,53.59,-116.44,44.6,56,12.75,20
406,Usinsk,RU,1555699900,66.0,57.56,31.19,96,6.96,100
407,Sonari,IN,1555699901,27.03,95.02,72.41,73,3.65,25
408,Dullewala,PK,1555699901,31.84,71.44,81.41,31,5.21,36
409,High Prairie,CA,1555699706,55.43,-116.48,47.94,35,15.84,40
410,Ngunguru,NZ,1555698785,-35.62,174.5,57.0,90,8.79,82
411,Uinskoye,RU,1555699901,56.88,56.58,34.79,75,4.56,95
412,Wuwei,CN,1555699901,37.93,102.64,54.41,45,10.33,100
413,Kloulklubed,PW,1555696200,7.04,134.26,77.0,94,10.63,90
414,Clyde River,CA,1555696800,70.47,-68.59,-4.01,83,5.82,75
415,Santa Rosa,AR,1555699902,-36.62,-64.29,85.01,12,12.86,3
416,Provideniya,RU,1555699902,64.42,-173.23,8.69,66,3.76,100
417,Araouane,ML,1555699902,18.9,-3.53,96.89,8,7.25,0
418,Mayo,CA,1555696800,63.59,-135.9,39.2,64,3.36,90
419,Wajima,JP,1555699902,37.4,136.9,47.57,49,4.83,0
420,Caravelas,BR,1555699902,-17.73,-39.27,86.81,63,6.26,5
421,The Valley,AI,1555699550,18.22,-63.06,84.2,57,18.34,20
422,Kiruna,SE,1555696200,67.86,20.23,39.2,86,10.29,92
423,Haines Junction,CA,1555699903,60.75,-137.51,27.23,46,7.61,49
424,Santa Cruz,CR,1555696800,10.26,-85.58,93.2,44,5.82,75
425,Chumikan,RU,1555699903,54.72,135.31,13.19,87,6.76,39
426,Akdepe,TM,1555696800,42.05,59.39,46.4,70,13.87,0
427,Altamira,BR,1555696800,-3.2,-52.21,86.0,70,2.24,75
428,Ilam,IR,1555696800,33.64,46.42,55.4,54,9.17,40
429,Kiama,AU,1555699667,-34.67,150.86,64.99,100,5.82,9
430,Makaha,US,1555699794,21.47,-158.22,78.01,69,9.17,20
431,Alamos,MX,1555699511,27.02,-108.93,100.0,15,1.99,35
432,Altamont,US,1555699700,37.19,-95.3,61.0,41,18.34,40
433,Muisne,EC,1555696800,0.61,-80.02,84.2,83,5.82,75
434,Karema,TZ,1555699905,-6.82,30.44,81.23,59,5.39,58
435,Henties Bay,NA,1555696930,-22.12,14.28,57.0,91,7.0,0
436,Klaksvik,FO,1555698060,62.23,-6.59,50.0,87,16.11,40
437,Tiarei,PF,1555699382,-17.53,-149.33,87.01,62,5.82,20
438,Huangnihe,CN,1555699630,43.56,128.02,33.9,34,4.25,25
439,Castro,CL,1555696800,-42.48,-73.76,55.4,71,11.41,40
440,Ust-Kan,RU,1555699905,50.93,84.77,28.31,73,2.8,97
441,Desaguadero,PE,1555699906,-16.56,-69.04,57.47,41,8.86,81
442,Kawalu,ID,1555699906,-7.38,108.21,71.15,96,2.55,100
443,Waingapu,ID,1555699906,-9.65,120.26,74.03,89,6.8,0
444,Pangai,TO,1555696800,-19.8,-174.35,77.0,78,18.34,75
445,Hambantota,LK,1555697400,6.12,81.12,78.8,100,2.24,40
446,Zyryanovsk,KZ,1555699906,49.74,84.27,31.19,94,1.36,100
447,Souillac,MU,1555699742,-20.52,57.52,78.8,83,5.82,40
448,Gayeri,BF,1555699907,12.65,0.49,100.85,25,9.95,95
449,Ellisras,ZA,1555699907,-23.67,27.74,76.01,38,9.55,0
450,Mathathane,BW,1555699907,-22.27,28.75,76.19,43,10.42,0
451,Trat,TH,1555699450,12.25,102.51,87.01,68,2.04,85
452,Shimoda,JP,1555699811,34.7,138.93,60.01,66,7.58,52
453,Saint-Leu,RE,1555699551,-21.15,55.28,78.8,69,6.93,0
454,Port Hawkesbury,CA,1555699861,45.62,-61.36,57.99,87,20.8,90
455,Hamada,JP,1555699480,34.9,132.08,53.01,38,3.0,0
456,Kaitangata,NZ,1555699805,-46.28,169.85,51.01,90,4.0,100
457,Lunca Bradului,RO,1555698600,46.96,25.11,50.0,37,7.0,63
458,Aleksandrovsk-Sakhalinskiy,RU,1555699908,50.9,142.16,33.89,95,1.7,89
459,Muswellbrook,AU,1555699805,-32.27,150.89,64.0,98,3.4,23
460,Namibe,AO,1555699908,-15.19,12.15,76.01,74,12.19,24
461,Vanimo,PG,1555699909,-2.67,141.3,80.33,80,3.62,7
462,Palamos,ES,1555699897,41.85,3.13,62.01,58,10.29,0
463,Mezen,RU,1555699909,65.85,44.24,32.81,95,5.7,93
464,Wanaka,NZ,1555699909,-44.7,169.14,43.97,93,6.22,98
465,Beberibe,BR,1555699541,-4.18,-38.13,86.0,70,9.17,40
466,Beloha,MG,1555699909,-25.17,45.06,71.87,76,14.76,100
467,Camacha,PT,1555698600,33.08,-16.33,64.4,67,17.22,40
468,Cap Malheureux,MU,1555699742,-19.98,57.61,78.8,83,5.82,40
469,Lahat,ID,1555699910,-3.78,103.55,70.61,92,2.84,100
470,Gaillac,FR,1555699595,43.9,1.9,64.4,41,23.04,0
471,Huarmey,PE,1555699910,-10.07,-78.15,69.53,88,13.11,77
472,Oranjemund,NA,1555699910,-28.55,16.43,60.17,91,5.75,61
473,Marrakesh,MA,1555698600,31.63,-7.99,69.8,30,3.36,75
474,Pingliang,CN,1555699730,35.54,106.68,50.46,72,20.98,100
475,Kruisfontein,ZA,1555699911,-34.0,24.73,62.51,65,5.75,100
476,Batticaloa,LK,1555699911,7.71,81.69,77.99,88,4.81,100
477,Nampula,MZ,1555696800,-15.12,39.26,77.0,78,12.75,75
478,Nanortalik,GL,1555699912,60.14,-45.24,32.45,58,22.01,0
479,Tlacotalpan,MX,1555698697,18.61,-95.66,84.99,51,18.99,6
480,Aquiraz,BR,1555699541,-3.9,-38.39,86.0,70,9.17,40
481,Mersing,MY,1555699912,2.43,103.84,77.63,92,1.32,98
482,Agadez,NE,1555696800,16.97,7.99,95.0,17,16.11,3
483,Stornoway,GB,1555699684,58.21,-6.39,60.8,63,13.87,0
484,Port Elizabeth,ZA,1555696800,-33.92,25.57,68.0,60,19.46,0
485,Bandarbeyla,SO,1555699913,9.49,50.81,80.69,68,9.86,0
486,Carberry,CA,1555696800,49.87,-99.36,66.2,31,28.86,75
487,Preobrazheniye,RU,1555699913,42.9,133.91,31.55,34,4.23,0
488,Vung Tau,VN,1555699913,10.35,107.08,84.65,67,7.63,56
489,Namatanai,PG,1555699913,-3.66,152.44,76.37,90,3.47,83
490,Kathmandu,NP,1555698000,27.71,85.32,55.4,87,2.24,20
491,Tanout,NE,1555699914,14.97,8.88,88.07,8,8.97,0
492,Savannah Bight,HN,1555699914,16.45,-85.85,81.23,73,7.49,73
493,Orocue,CO,1555699914,4.79,-71.34,83.57,69,11.86,98
494,Vestmanna,FO,1555698060,62.16,-7.17,50.0,87,16.11,40
495,Hermiston,US,1555699615,45.84,-119.29,77.0,41,9.17,40
496,Xining,CN,1555699914,36.62,101.77,41.99,69,5.64,88
497,Walvis Bay,NA,1555696930,-22.95,14.51,57.2,82,4.7,0
498,Puerto Escondido,MX,1555695660,15.86,-97.07,80.6,69,11.41,5
499,Eureka,US,1555699833,40.8,-124.16,62.01,93,16.82,90
500,Half Moon Bay,US,1555699645,37.46,-122.43,77.0,63,14.99,75
501,Nikolskoye,RU,1555699837,59.7,30.79,52.0,72,11.18,0
502,Colac,AU,1555699874,-38.34,143.59,57.99,66,3.06,54
503,Mnogovershinnyy,RU,1555699916,53.94,139.92,27.59,97,4.56,100
504,Ponta do Sol,CV,1555696800,17.2,-25.09,77.0,57,21.92,40
505,Keetmanshoop,NA,1555696800,-26.57,18.15,80.6,9,14.99,20
506,Moss Vale,AU,1555699531,-34.55,150.37,60.01,100,5.82,0
507,Aspindza,GE,1555699916,41.57,43.25,28.49,96,3.96,100
508,Tuktoyaktuk,CA,1555696800,69.44,-133.03,8.6,78,14.99,75
509,Katherine,AU,1555696800,-14.47,132.26,71.6,83,6.93,18
510,Wencheng,CN,1555699917,27.79,120.09,61.61,97,2.64,100
511,Tandlianwala,PK,1555699917,31.03,73.13,79.61,34,1.83,0
512,Charters Towers,AU,1555699917,-20.07,146.27,66.47,83,6.08,0
513,Ixtapa,MX,1555699809,20.71,-105.21,80.01,61,11.41,75
514,New Norfolk,AU,1555699907,-42.78,147.06,46.4,87,4.7,40
515,La Troncal,EC,1555699826,-2.42,-79.34,84.99,93,5.82,90
516,Tynda,RU,1555699918,55.15,124.74,21.47,76,15.79,100
517,Turukhansk,RU,1555699918,65.8,87.96,1.31,94,1.3,54
518,Mexico,US,1555699620,39.17,-91.88,57.0,54,20.8,40
519,Petropavlovsk-Kamchatskiy,RU,1555696800,53.05,158.65,30.2,86,4.47,75
520,Matveyevka,RU,1555696800,54.92,83.08,24.8,73,2.66,0
521,Ukiah,US,1555699835,39.15,-123.21,73.0,52,3.71,1
522,Husavik,IS,1555696800,66.04,-17.34,55.4,54,23.04,75
523,Brookhaven,US,1555699646,40.78,-72.92,73.99,82,13.87,90
524,Dharchula,IN,1555699919,29.85,80.53,39.29,53,7.61,16
525,Pau Brasil,BR,1555699919,-15.46,-39.65,87.89,60,4.07,24
526,Atuona,PF,1555699919,-9.8,-139.03,83.57,72,10.42,30
527,Narsaq,GL,1555699919,60.91,-46.05,37.31,40,19.64,0
528,Whitehorse,CA,1555699502,60.72,-135.06,39.0,32,8.05,75
529,Arenapolis,BR,1555699633,-14.45,-56.85,91.14,50,3.29,11
530,Tarata,PE,1555696800,-17.47,-70.03,73.4,53,5.82,0
531,Traverse City,US,1555699918,44.76,-85.62,53.01,71,8.05,1
532,Vaini,TO,1555696800,-21.2,-175.2,75.2,78,10.29,40
533,Kucevo,RS,1555699920,44.48,21.67,52.79,71,6.29,3
534,Dera Bugti,PK,1555699920,29.03,69.15,78.17,33,0.96,0
535,Arraial do Cabo,BR,1555696800,-22.97,-42.02,82.4,74,13.87,0
536,Lubumbashi,CD,1555699920,-11.66,27.48,65.21,97,4.16,66
537,Itambe,BR,1555696800,-15.24,-40.62,82.4,51,4.7,75
538,Hervey Bay,AU,1555699509,-25.3,152.85,71.01,94,8.05,90
539,Nova Olinda do Norte,BR,1555699921,-3.89,-59.1,87.35,86,3.42,57
540,Tasiilaq,GL,1555698000,65.61,-37.64,39.2,81,5.75,75
541,Teguise,ES,1555698600,29.06,-13.56,66.2,68,19.46,75
542,Marsh Harbour,BS,1555699623,26.54,-77.06,77.82,80,20.2,5
543,Erzin,RU,1555699921,50.26,95.16,25.61,27,3.27,32
544,Hohhot,CN,1555696800,40.81,111.65,53.6,93,4.47,40
545,Balingasay,PH,1555699922,16.36,119.86,84.29,71,1.7,4
546,Bowen,AU,1555699919,-20.01,148.25,73.99,93,5.82,40
547,Palmas,BR,1555696800,-10.18,-48.33,89.6,59,5.82,40
548,Spruce Grove,CA,1555699737,53.55,-113.9,53.01,39,14.99,1
549,Indramayu,ID,1555699922,-4.05,103.78,70.61,92,2.84,100
550,Khuzdar,PK,1555699923,27.8,66.62,71.51,18,4.52,0
551,Cascais,PT,1555699837,38.7,-9.42,63.0,63,5.82,20
552,Broken Hill,AU,1555696800,-31.97,141.45,68.0,32,8.05,31
553,Bondoukou,CI,1555699748,8.04,-2.8,86.82,62,4.09,100
554,Tecoanapa,MX,1555696080,16.99,-99.26,82.4,65,9.17,40
555,Erenhot,CN,1555699923,43.65,111.97,56.57,29,32.1,100
556,Lompoc,US,1555699887,34.64,-120.46,71.01,77,11.41,40
557,Raahe,FI,1555699582,64.68,24.47,37.4,73,4.7,0
558,Smithers,CA,1555696800,54.78,-127.17,42.8,56,4.7,75
559,Ola,RU,1555699924,59.58,151.3,30.83,90,4.29,99
560,Molokovo,RU,1555699924,58.16,36.77,45.05,61,5.46,80
561,Afua,BR,1555699924,-0.16,-50.39,83.21,79,11.12,99
562,Port-Cartier,CA,1555699696,50.03,-66.88,39.2,86,8.05,75
563,Cacapava do Sul,BR,1555699808,-30.51,-53.49,77.45,62,7.9,76
564,Hirara,JP,1555699924,24.8,125.28,75.65,86,20.0,100
565,Yellowknife,CA,1555699364,62.45,-114.38,30.2,80,12.75,90
566,Sorland,NO,1555696200,67.67,12.69,42.8,93,10.29,75
567,Sedkyrkeshch,RU,1555699906,61.72,50.96,37.4,74,2.24,75
568,Kupang,ID,1555699925,-10.16,123.6,81.77,74,12.86,23
569,Malinovskiy,RU,1555699925,54.15,34.53,40.91,59,1.34,48
570,Teya,RU,1555699925,60.37,92.63,17.69,92,5.95,38
571,Vila Velha,BR,1555699541,-3.71,-38.6,86.0,70,9.17,40
572,Carndonagh,IE,1555698000,55.25,-7.27,68.0,64,6.93,99
573,Maragogi,BR,1555699926,-9.01,-35.22,87.17,63,10.4,100
574,Ryotsu,JP,1555696800,38.08,138.43,33.8,50,3.36,0
575,Hofn,IS,1555699926,64.25,-15.21,38.21,99,19.55,100
576,Miri,MY,1555696800,4.41,114.01,77.0,94,2.24,75
577,Monclova,MX,1555699826,26.9,-101.42,81.05,22,11.83,13
578,Xai-Xai,MZ,1555699927,-25.04,33.64,74.93,74,8.12,0
579,Upata,VE,1555698602,8.02,-62.41,93.0,53,7.0,78
580,Jalingo,NG,1555699927,10.3,10.93,92.93,9,5.68,3
581,Jinchang,CN,1555699927,38.52,102.19,47.21,52,8.46,100
582,Genhe,CN,1555699927,50.78,121.52,31.55,68,8.01,77
583,Srednekolymsk,RU,1555699928,67.46,153.71,5.27,87,6.24,54
584,Lavrentiya,RU,1555699928,65.58,-170.99,-4.82,85,5.64,1
585,Hilo,US,1555699876,19.71,-155.08,77.0,73,3.36,1
586,Berdigestyakh,RU,1555699928,62.1,126.7,23.27,77,12.37,100
587,Mutis,CO,1555699928,6.23,-77.4,81.95,78,7.83,95
588,Sobradinho,BR,1555699928,-29.41,-53.03,80.69,55,4.81,43
589,Nandu,CN,1555699893,31.44,119.33,66.99,93,11.18,2
590,Hope,CA,1555699505,49.38,-121.43,57.2,93,13.87,90
591,Pangoa,PE,1555699929,-12.12,-73.0,94.37,28,4.94,100
592,Sibolga,ID,1555699929,1.74,98.78,84.83,75,6.53,99
593,Tacuarembo,UY,1555699796,-31.73,-55.98,79.07,53,7.87,100
594,Ndjole,GA,1555699929,-0.18,10.76,77.81,92,4.18,92
595,Peleduy,RU,1555699929,59.63,112.75,19.67,91,7.14,30
596,Saint-Philippe,RE,1555699551,-21.36,55.77,78.8,69,6.93,0
597,Wewak,PG,1555699930,-3.55,143.63,76.01,92,4.54,58
598,Todos Santos,MX,1555699563,23.45,-110.23,93.99,15,9.17,5
599,Little Current,CA,1555698731,45.98,-81.93,42.8,75,10.29,1
600,Alta Floresta,BR,1555699930,-9.87,-56.08,89.33,57,4.81,65
601,Mwinilunga,ZM,1555699930,-11.73,24.43,63.77,95,4.23,71
602,Riachao das Neves,BR,1555699930,-11.75,-44.91,87.89,52,3.91,42
603,La Quinta,US,1555699631,33.68,-116.3,96.8,9,5.82,1
604,Tumen,CN,1555699931,42.97,129.84,36.77,36,0.34,16
605,Ilulissat,GL,1555696200,69.22,-51.1,19.4,44,6.93,0
606,Dolinsk,RU,1555696800,47.32,142.8,24.8,85,4.47,0
607,Nalut,LY,1555699931,31.86,10.98,85.37,10,11.7,100
608,Tuy Hoa,VN,1555699645,13.08,109.3,79.8,75,2.62,70
609,Dubbo,AU,1555696800,-32.25,148.6,62.6,82,11.41,0
610,Ossora,RU,1555699932,59.24,163.07,27.23,80,3.69,3
611,Elizabeth City,US,1555699862,36.3,-76.22,80.6,69,20.8,75
612,East London,ZA,1555696800,-33.02,27.91,71.6,88,6.93,0
613,Port Hueneme,US,1555699634,34.15,-119.2,81.0,68,13.18,40
614,Placido de Castro,BR,1555699932,-10.34,-67.19,91.67,52,5.03,39
615,Morristown,US,1555699931,36.21,-83.29,64.4,100,13.87,40
616,Warrington,US,1555699924,40.25,-75.13,78.8,69,12.75,90
617,Demyanovo,RU,1555699933,60.35,47.08,35.69,90,2.24,93
618,Surt,LY,1555699699,31.21,16.59,62.34,76,20.8,2
619,Skibbereen,IE,1555696800,51.55,-9.27,57.2,76,8.05,75
620,Auki,SB,1555699933,-8.77,160.7,82.49,77,13.71,100
621,Filingue,NE,1555699934,14.35,3.32,97.97,5,8.3,26
622,Shahr-e Babak,IR,1555699647,30.12,55.12,67.38,30,3.22,0
623,Awjilah,LY,1555699934,29.14,21.3,74.21,25,10.47,0
624,Meulaboh,ID,1555699934,4.14,96.13,85.01,73,13.38,100
625,Hvide Sande,DK,1555699753,56.01,8.13,60.8,58,3.36,0
626,Port Hardy,CA,1555696800,50.7,-127.42,50.0,66,16.11,20
627,Ostrovnoy,RU,1555699934,68.05,39.51,32.99,93,7.94,96
628,Tres Pontas,BR,1555699810,-21.37,-45.51,76.91,56,3.18,0
629,Zhigansk,RU,1555699934,66.77,123.37,10.13,72,5.88,11
630,Ust-Kulom,RU,1555699935,61.69,53.69,31.19,97,4.72,83
631,Dudinka,RU,1555696800,69.41,86.18,-9.41,83,11.18,0
632,Ketchikan,US,1555696800,55.34,-131.65,46.4,75,3.36,75
633,Itoman,JP,1555696800,26.12,127.67,73.4,78,5.82,75
634,Ribas do Rio Pardo,BR,1555699935,-20.45,-53.76,85.73,61,5.7,80
635,Hammerfest,NO,1555696200,70.66,23.68,42.8,75,14.99,83
636,Pangkalanbuun,ID,1555699936,-2.68,111.62,75.65,96,2.06,100
637,Kearney,US,1555699598,40.7,-99.08,60.8,41,6.93,1
638,Xuanzhou,CN,1555699936,30.95,118.78,63.59,93,8.41,6
639,Conceicao da Barra,BR,1555699810,-18.59,-39.73,86.45,66,4.94,10
640,Lowicz,PL,1555699849,52.11,19.95,64.4,21,5.82,0
641,Mayor Pablo Lagerenza,PY,1555699936,-19.93,-60.77,98.15,34,12.91,17
642,Vokhtoga,RU,1555699936,58.81,41.03,39.29,82,5.41,80
643,Yulara,AU,1555696800,-25.24,130.99,60.8,26,2.24,61
644,Mbaiki,CF,1555699937,3.87,17.99,76.73,85,2.24,100
645,Vao,NC,1555699937,-22.67,167.48,77.09,81,24.45,73
646,Fairview,CA,1555699642,56.07,-118.38,54.0,29,11.41,20
647,Batemans Bay,AU,1555699872,-35.71,150.18,63.0,94,2.35,51
648,Ranong,TH,1555696800,9.96,98.62,78.8,100,7.9,20
649,Hobart,AU,1555699819,-42.88,147.33,46.4,87,4.7,40
650,Bundaberg,AU,1555699509,-24.87,152.35,71.01,94,8.05,90
651,Guanay,BO,1555699938,-15.5,-67.88,90.95,40,4.81,60
652,Cape Town,ZA,1555699865,-33.93,18.42,63.0,93,5.82,75
653,Namanyere,TZ,1555699938,-7.51,31.05,62.87,82,4.99,56
654,Maniitsoq,GL,1555699938,65.42,-52.9,21.47,42,3.0,0
655,Laon,FR,1555699647,49.56,3.62,66.2,52,4.7,0
656,Altay,CN,1555699938,47.83,88.13,37.31,57,6.15,88
657,Tres Arroyos,AR,1555699938,-38.38,-60.28,74.75,29,10.56,0
658,Mlowo,TZ,1555699939,-9.01,33.0,61.43,97,6.15,63
659,Dingle,IE,1555698600,52.14,-10.27,57.2,87,5.82,0
660,Villa Sandino,NI,1555696800,12.05,-84.99,91.4,63,6.93,40
661,Ankang,CN,1555699939,32.73,108.99,59.99,67,3.44,90
662,Dikson,RU,1555699939,73.51,80.55,-4.82,99,1.83,33
663,Parakou,BJ,1555699939,9.34,2.63,99.59,21,4.12,100
664,Adana,TR,1555699774,37.0,35.33,54.0,93,5.82,40
665,Portland,AU,1555699932,-33.35,149.98,54.0,97,3.69,0
666,Luanda,AO,1555696800,-8.83,13.24,82.4,78,5.82,75
667,Qaqortoq,GL,1555699940,60.72,-46.03,37.31,40,19.64,0
668,Ahipara,NZ,1555699940,-35.17,173.16,63.77,71,8.12,1
669,Prince Rupert,CA,1555699200,54.32,-130.32,41.0,86,5.82,75
670,Sabak,MY,1555696800,3.77,100.99,82.4,88,10.78,75
671,Nyuksenitsa,RU,1555699941,60.41,44.24,38.75,90,3.78,100
672,Athabasca,CA,1555699941,54.72,-113.29,50.27,34,14.14,83
673,Esperance,AU,1555696800,-33.86,121.89,42.8,75,14.99,15
674,Okhotsk,RU,1555699941,59.36,143.24,29.75,97,10.56,100
675,Catalina,CA,1555699567,48.52,-53.08,32.0,87,5.99,100
676,Sitka,US,1555699513,37.17,-99.65,63.0,31,8.01,0
677,Las Vegas,US,1555699606,36.17,-115.15,82.4,13,9.17,1
678,West Plains,US,1555699600,36.73,-91.85,57.99,61,20.8,90
679,Lingsugur,IN,1555699942,16.17,76.52,96.53,14,2.21,45
680,Havre-Saint-Pierre,CA,1555699200,50.23,-63.6,37.4,86,5.82,90
681,Roma,RO,1555699891,47.84,26.61,50.0,75,2.24,0
682,Havoysund,NO,1555696200,71.0,24.66,42.8,75,14.99,62
683,Nchelenge,ZM,1555699942,-9.35,28.74,72.23,84,4.72,68
684,Asyut,EG,1555699644,27.18,31.19,75.3,26,14.74,0
685,Fortuna,US,1555699678,40.6,-124.16,62.01,93,15.21,90
686,Chanika,TZ,1555699943,-5.42,38.02,70.07,98,3.02,20
687,Trujillo,PE,1555696800,-8.11,-79.03,73.4,73,9.17,0
688,Leh,IN,1555699943,34.16,77.58,20.21,32,4.88,0
689,Shumskiy,RU,1555699943,54.83,99.13,24.53,50,7.63,11
690,Urucara,BR,1555699943,-2.54,-57.76,86.99,70,3.4,82
691,Ornskoldsvik,SE,1555696200,63.29,18.72,51.8,43,10.29,80
692,Carnarvon,ZA,1555699944,-30.97,22.13,68.63,10,12.08,84
693,Bemidji,US,1555699826,47.48,-94.89,62.01,34,12.75,40
694,Batagay-Alyta,RU,1555699944,67.8,130.41,-1.76,99,2.77,92
695,Bela,PK,1555699944,26.23,66.31,81.77,30,10.27,0
696,Zapolyarnyy,RU,1555696200,69.43,30.82,37.4,69,16.11,37
697,Korla,CN,1555699944,41.76,86.15,54.95,31,2.44,74
